Service ID,Customer ID,Professional ID,Date of Request,Remarks
1,2,,2025-03-08 10:16:41.124933,Customer1 requested this service
2,2,11,2025-03-08 10:33:00.061842,Customer1 requested this service
4,2,,2025-03-08 13:05:02.279832,Good one
6,2,,2025-03-08 13:29:28.009653,Customer1 requested this service
7,2,,2025-03-08 17:28:44.049183,
14,2,12,2025-03-15 15:27:58.176689,
17,2,11,2025-03-24 10:07:27.836060,
22,15,6,2025-03-25 18:23:45.858392,
25,15,16,2025-03-25 18:58:53.985818,Awesome Service experience
27,17,18,2025-03-26 15:52:20.559249,Good service
28,17,6,2025-03-26 15:54:48.147718,Customer requested this service
